directory	srr_id
Controls/Esophagus	ERR1141690
Controls/Esophagus	ERR1141692
Controls/Esophagus	ERR1141697
Controls/Esophagus	ERR1141699
Controls/Esophagus	ERR1141703
Controls/Esophagus	ERR1141720
Controls/Esophagus	ERR1141721
Controls/Esophagus	ERR1141722
Controls/Esophagus	ERR1141723
Controls/Esophagus	ERR1141724
Controls/Esophagus	ERR1141725
Controls/Esophagus	ERR1141726
Controls/Esophagus	ERR1141727
Controls/Esophagus	ERR1141728
Controls/Esophagus	ERR1141729
Controls/Esophagus	ERR1141730
Controls/Esophagus	ERR1141731
Controls/Esophagus	ERR1141732
Controls/Esophagus	ERR1141733
Controls/Esophagus	SRR14447349
Controls/Esophagus	SRR14447351
Controls/Esophagus	SRR14447355
Controls/Esophagus	SRR14447356
Controls/Esophagus	SRR14447359
Controls/Esophagus	SRR14447361
Controls/Esophagus	SRR14447365
Controls/Esophagus	SRR14447377
Controls/Esophagus	SRR14447380
Controls/Esophagus	SRR14447383
Controls/Esophagus	SRR14447389
Controls/Esophagus	SRR5230947
Controls/Esophagus	SRR5230948
Controls/Gallbladder	SRR10305487
Controls/Gallbladder	SRR10305489
Controls/Gallbladder	SRR10305491
Controls/Gallbladder	SRR10305492
Controls/Gallbladder	SRR10305493
Controls/Gallbladder	SRR10305494
Controls/Gallbladder	SRR10305495
Controls/Gallbladder	SRR10305496
Controls/Gallbladder	SRR10305497
Controls/Gallbladder	SRR10305498
Controls/Gallbladder	SRR10305499
Controls/Gallbladder	SRR10305500
Controls/Gallbladder	SRR10305501
Controls/Gallbladder	SRR10305503
Controls/Gallbladder	SRR10305504
Controls/Gallbladder	SRR10305505
Controls/Gallbladder	SRR10305506
Controls/Gallbladder	SRR10305507
Controls/Gallbladder	SRR10305508
Controls/Gallbladder	SRR10305509
Controls/Gallbladder	SRR10305510
Controls/Gallbladder	SRR10305511
Controls/Gallbladder	SRR10305512
Controls/Gallbladder	SRR10305513
Controls/Gallbladder	SRR10305514
Controls/Gallbladder	SRR10305515
Controls/Gallbladder	SRR10305516
Controls/Gallbladder	SRR10305517
Controls/Gallbladder	SRR10305518
Controls/Gallbladder	SRR10305519
Controls/Gallbladder	SRR10305520
Controls/Gallbladder	SRR10305521
Controls/Gallbladder	SRR10305522
Controls/Gallbladder	SRR10305523
Controls/Gallbladder	SRR10305525
Controls/Gallbladder	SRR10305527
Controls/Gallbladder	SRR10305529
Controls/Gallbladder	SRR10305531
Controls/Gallbladder	SRR10305533
Controls/Gallbladder	SRR10305535
Controls/Gallbladder	SRR10380719
Controls/Gallbladder	SRR10380721
Controls/Gallbladder	SRR10380723
Controls/Gallbladder	SRR10380725
Controls/Gallbladder	SRR10380727
Controls/Gallbladder	SRR10380729
Controls/Gallbladder	SRR10380731
Controls/Gallbladder	SRR10380733
Controls/Gallbladder	SRR10380735
Controls/Gallbladder	SRR10380737
Controls/Gallbladder	SRR19139563
Controls/Gallbladder	SRR19139564
Controls/Gallbladder	SRR19139565
Controls/Gallbladder	SRR25998609
Controls/Gallbladder	SRR25998610
Controls/Gallbladder	SRR25998617
Controls/Gallbladder	SRR25998618
Controls/Gallbladder	SRR25998619
Controls/Gallbladder	SRR25998620
Controls/Gallbladder	SRR30633521
Controls/Gallbladder	SRR30633522
Controls/Gallbladder	SRR30633523
Controls/Gallbladder	SRR30633524
Controls/Gallbladder	SRR30633525
Controls/Gallbladder	SRR30633526
Controls/Gallbladder	SRR30633527
Controls/Gallbladder	SRR32560245
Controls/Gallbladder	SRR32560246
Controls/Gallbladder	SRR32560247
Controls/Gallbladder	SRR5742688
Controls/Gallbladder	SRR5742690
Controls/Gallbladder	SRR5742692
Controls/Gallbladder	SRR5742694
Controls/Gallbladder	SRR9203715
Controls/Gallbladder	SRR9203718
Controls/Gallbladder	SRR9203721
Controls/Gum+MouthOther	ERR649019
Controls/Gum+MouthOther	ERR649022
Controls/Gum+MouthOther	ERR649026
Controls/Gum+MouthOther	ERR649029
Controls/Gum+MouthOther	ERR649030
Controls/Gum+MouthOther	ERR649034
Controls/Gum+MouthOther	ERR649035
Controls/Gum+MouthOther	ERR649038
Controls/Gum+MouthOther	ERR649043
Controls/Gum+MouthOther	ERR649046
Controls/Gum+MouthOther	ERR649049
Controls/Gum+MouthOther	ERR649052
Controls/Gum+MouthOther	ERR649053
Controls/Gum+MouthOther	ERR649058
Controls/Gum+MouthOther	ERR649059
Controls/Gum+MouthOther	ERR649062
Controls/Gum+MouthOther	ERR649066
Controls/Gum+MouthOther	ERR649069
Controls/Gum+MouthOther	ERR649072
Controls/Gum+MouthOther	SRR10502318
Controls/Gum+MouthOther	SRR16013051
Controls/Gum+MouthOther	SRR16013060
Controls/Gum+MouthOther	SRR16612817
Controls/Gum+MouthOther	SRR16612819
Controls/Gum+MouthOther	SRR16612821
Controls/Gum+MouthOther	SRR16612823
Controls/Gum+MouthOther	SRR16612825
Controls/Gum+MouthOther	SRR16612828
Controls/Gum+MouthOther	SRR16612830
Controls/Gum+MouthOther	SRR16612831
Controls/Gum+MouthOther	SRR16612833
Controls/Gum+MouthOther	SRR16612836
Controls/Gum+MouthOther	SRR16612838
Controls/Gum+MouthOther	SRR16612839
Controls/Gum+MouthOther	SRR16612841
Controls/Gum+MouthOther	SRR16612844
Controls/Gum+MouthOther	SRR16612846
Controls/Gum+MouthOther	SRR16612847
Controls/Gum+MouthOther	SRR16612849
Controls/Gum+MouthOther	SRR16940416
Controls/Gum+MouthOther	SRR16940420
Controls/Gum+MouthOther	SRR16940425
Controls/Gum+MouthOther	SRR16940430
Controls/Gum+MouthOther	SRR16940432
Controls/Gum+MouthOther	SRR16940449
Controls/Gum+MouthOther	SRR16940450
Controls/Gum+MouthOther	SRR16940451
Controls/Gum+MouthOther	SRR16940455
Controls/Gum+MouthOther	SRR16940460
Controls/Gum+MouthOther	SRR16940464
Controls/Gum+MouthOther	SRR22827414
Controls/Gum+MouthOther	SRR22827415
Controls/Gum+MouthOther	SRR22827416
Controls/Gum+MouthOther	SRR30291126
Controls/Gum+MouthOther	SRR30291129
Controls/Gum+MouthOther	SRR30291132
Controls/Gum+MouthOther	SRR30291161
Controls/Gum+MouthOther	SRR30291166
Controls/Gum+MouthOther	SRR30291171
Controls/Gum+MouthOther	SRR30291176
Controls/Larynx	SRR10116266
Controls/Larynx	SRR10116268
Controls/Larynx	SRR10116270
Controls/Larynx	SRR22060457
Controls/Larynx	SRR22060458
Controls/Larynx	SRR22060459
Controls/Larynx	SRR22060460
Controls/Larynx	SRR22060461
Controls/Larynx	SRR22060462
Controls/Larynx	SRR22060463
Controls/Larynx	SRR22060473
Controls/Larynx	SRR22060474
Controls/Larynx	SRR22060475
Controls/MouthFloor	SRR16013053
Controls/MouthFloor	SRR16013071
Controls/Pancreas	SRR10030984
Controls/Pancreas	SRR10030985
Controls/Pancreas	SRR10030986
Controls/Pancreas	SRR10030987
Controls/Pancreas	SRR10030988
Controls/Pancreas	SRR11792171
Controls/Pancreas	SRR11792172
Controls/Pancreas	SRR11792173
Controls/Pancreas	SRR11792174
Controls/Pancreas	SRR17335067
Controls/Pancreas	SRR17335069
Controls/Pancreas	SRR17335071
Controls/Pancreas	SRR17335073
Controls/Pancreas	SRR17335075
Controls/Pancreas	SRR17335077
Controls/Pancreas	SRR17335079
Controls/Pancreas	SRR17335081
Controls/Pancreas	SRR17335083
Controls/Pancreas	SRR17335085
Controls/Pancreas	SRR17335087
Controls/Pancreas	SRR17335089
Controls/Pancreas	SRR17335092
Controls/Pancreas	SRR17335094
Controls/Pancreas	SRR21833008
Controls/Pancreas	SRR21833010
Controls/Pancreas	SRR21833012
Controls/Pancreas	SRR21833015
Controls/Pancreas	SRR21833018
Controls/Pancreas	SRR25143506
Controls/Pancreas	SRR25143507
Controls/Pancreas	SRR25143508
Controls/Pancreas	SRR25143509
Controls/Pancreas	SRR25143510
Controls/Pancreas	SRR25143511
Controls/Pancreas	SRR25143512
Controls/Pancreas	SRR25143513
Controls/Pancreas	SRR25143514
Controls/Pancreas	SRR25143515
Controls/Pancreas	SRR25143516
Controls/Pancreas	SRR25143517
Controls/Pancreas	SRR25143518
Controls/Pancreas	SRR25143519
Controls/Pancreas	SRR25143520
Controls/Pancreas	SRR25143521
Controls/Pancreas	SRR25143522
Controls/Pancreas	SRR25143523
Controls/Pancreas	SRR25143524
Controls/Pancreas	SRR25143525
Controls/Pancreas	SRR25143526
Controls/Pancreas	SRR25143527
Controls/Pancreas	SRR25716763
Controls/Pancreas	SRR25716765
Controls/Pancreas	SRR25716767
Controls/Pancreas	SRR7768602
Controls/Pancreas	SRR7768603
Controls/Pancreas	SRR7768604
Controls/Pancreas	SRR7768605
Controls/Pancreas	SRR7768606
Controls/Pancreas	SRR7768607
Controls/Pancreas	SRR7818895
Controls/Pancreas	SRR7818896
Controls/Pancreas	SRR7818897
Controls/Pancreas	SRR7818898
Controls/Pancreas	SRR7818899
Controls/Pancreas	SRR7818900
Controls/Pancreas	SRR7818901
Controls/Pancreas	SRR7818902
Controls/Pancreas	SRR7818903
Controls/Pancreas	SRR7818904
Controls/Salivary	SRR10246417
Controls/Salivary	SRR10246418
Controls/Salivary	SRR15100666
Controls/Salivary	SRR15100668
Controls/Salivary	SRR15100670
Controls/Salivary	SRR15100672
Controls/Salivary	SRR15100674
Controls/Salivary	SRR15132668
Controls/Salivary	SRR15132670
Controls/Salivary	SRR15132672
Controls/Salivary	SRR15132674
Controls/Salivary	SRR15132676
Controls/Salivary	SRR15207440
Controls/Salivary	SRR15207441
Controls/Salivary	SRR15207442
Controls/Salivary	SRR15207443
Controls/Salivary	SRR15207444
Controls/Salivary	SRR15207445
Controls/Salivary	SRR15207446
Controls/Salivary	SRR15207447
Controls/Salivary	SRR15207448
Controls/Salivary	SRR15207449
Controls/Salivary	SRR15207450
Controls/Salivary	SRR15207451
Controls/Salivary	SRR15207452
Controls/Salivary	SRR15207453
Controls/Salivary	SRR15207454
Controls/Salivary	SRR15207455
Controls/Salivary	SRR26033659
Controls/Salivary	SRR26033660
Controls/Salivary	SRR26033661
Controls/Salivary	SRR26033662
Controls/Salivary	SRR26033663
Controls/Salivary	SRR26033664
Controls/Salivary	SRR26033665
Controls/Salivary	SRR26033666
Controls/Salivary	SRR26033667
Controls/Salivary	SRR26033668
Controls/Salivary	SRR26033670
Controls/Salivary	SRR26033671
Controls/Salivary	SRR26033672
Controls/Salivary	SRR26033673
Controls/Salivary	SRR26033674
Controls/Salivary	SRR26033675
Controls/Salivary	SRR26033676
Controls/Salivary	SRR26033677
Controls/Salivary	SRR26033678
Controls/Salivary	SRR26033679
Controls/Salivary	SRR31414539
Controls/Salivary	SRR31414540
Controls/Salivary	SRR31414541
Controls/Salivary	SRR31414542
Controls/Salivary	SRR31414543
Controls/Salivary	SRR31414544
Controls/Tongue	SRR10502316
Controls/Tongue	SRR10502317
Controls/Tongue	SRR16013047
Controls/Tongue	SRR16013049
Controls/Tongue	SRR16013055
Controls/Tongue	SRR16013057
Controls/Tongue	SRR16013058
Controls/Tongue	SRR16013062
Controls/Tongue	SRR16013063
Controls/Tongue	SRR16013066
Controls/Tongue	SRR16013068
Controls/Tongue	SRR16013069
Controls/Tongue	SRR16013075
Controls/Tongue	SRR16013076
Controls/Tongue	SRR16013077
Controls/Tongue	SRR16013081
Controls/Tongue	SRR16013085
Controls/Tongue	SRR16013086
Controls/Tongue	SRR16013087
Controls/Tongue	SRR16013089
Tumors/Esophagus	ERR1141700
Tumors/Esophagus	ERR1141704
Tumors/Esophagus	ERR1141705
Tumors/Esophagus	ERR1141706
Tumors/Esophagus	ERR1141707
Tumors/Esophagus	ERR1141708
Tumors/Esophagus	ERR1141709
Tumors/Esophagus	ERR1141710
Tumors/Esophagus	ERR1141711
Tumors/Esophagus	ERR1141712
Tumors/Esophagus	ERR1141713
Tumors/Esophagus	ERR1141714
Tumors/Esophagus	ERR1141715
Tumors/Esophagus	ERR1141716
Tumors/Esophagus	ERR1141717
Tumors/Esophagus	ERR1141718
Tumors/Esophagus	ERR1141719
Tumors/Esophagus	ERR3728075
Tumors/Esophagus	ERR3728076
Tumors/Esophagus	SRR3880241
Tumors/Esophagus	SRR4306272
Tumors/Esophagus	SRR5230942
Tumors/Esophagus	SRR5230943
Tumors/Esophagus	SRR5230944
Tumors/Esophagus	SRR5230945
Tumors/Esophagus	SRR5230946
Tumors/Esophagus	SRR8762209
Tumors/Esophagus	SRR9304310
Tumors/Gallbladder	DRR253234
Tumors/Gallbladder	DRR253235
Tumors/Gallbladder	DRR253236
Tumors/Gallbladder	DRR253237
Tumors/Gallbladder	DRR253238
Tumors/Gallbladder	DRR253239
Tumors/Gallbladder	DRR253240
Tumors/Gallbladder	DRR253241
Tumors/Gallbladder	DRR253242
Tumors/Gallbladder	DRR253243
Tumors/Gallbladder	DRR253244
Tumors/Gallbladder	DRR253245
Tumors/Gallbladder	DRR253246
Tumors/Gallbladder	DRR253247
Tumors/Gallbladder	DRR253248
Tumors/Gallbladder	DRR253249
Tumors/Gallbladder	DRR253250
Tumors/Gallbladder	DRR253251
Tumors/Gallbladder	DRR253252
Tumors/Gallbladder	DRR253253
Tumors/Gallbladder	DRR253254
Tumors/Gallbladder	DRR253255
Tumors/Gallbladder	DRR253256
Tumors/Gallbladder	DRR253257
Tumors/Gallbladder	DRR253258
Tumors/Gallbladder	DRR253259
Tumors/Gallbladder	DRR253260
Tumors/Gallbladder	DRR253261
Tumors/Gallbladder	DRR253262
Tumors/Gallbladder	DRR253263
Tumors/Gallbladder	DRR253264
Tumors/Gallbladder	DRR253265
Tumors/Gallbladder	DRR253266
Tumors/Gallbladder	DRR253267
Tumors/Gallbladder	DRR253268
Tumors/Gallbladder	DRR253269
Tumors/Gallbladder	SRR10305488
Tumors/Gallbladder	SRR10305490
Tumors/Gallbladder	SRR10305502
Tumors/Gallbladder	SRR10305524
Tumors/Gallbladder	SRR10305526
Tumors/Gallbladder	SRR10305528
Tumors/Gallbladder	SRR10305530
Tumors/Gallbladder	SRR10305532
Tumors/Gallbladder	SRR10305534
Tumors/Gallbladder	SRR10305536
Tumors/Gallbladder	SRR10380718
Tumors/Gallbladder	SRR10380720
Tumors/Gallbladder	SRR10380722
Tumors/Gallbladder	SRR10380724
Tumors/Gallbladder	SRR10380726
Tumors/Gallbladder	SRR10380728
Tumors/Gallbladder	SRR10380730
Tumors/Gallbladder	SRR10380732
Tumors/Gallbladder	SRR10380734
Tumors/Gallbladder	SRR10380736
Tumors/Gallbladder	SRR13729785
Tumors/Gallbladder	SRR13729786
Tumors/Gallbladder	SRR13729787
Tumors/Gallbladder	SRR13729788
Tumors/Gallbladder	SRR13729789
Tumors/Gallbladder	SRR15963863
Tumors/Gallbladder	SRR19139546
Tumors/Gallbladder	SRR19139547
Tumors/Gallbladder	SRR19139548
Tumors/Gallbladder	SRR19139549
Tumors/Gallbladder	SRR19139550
Tumors/Gallbladder	SRR19139551
Tumors/Gallbladder	SRR19139552
Tumors/Gallbladder	SRR19139553
Tumors/Gallbladder	SRR19139554
Tumors/Gallbladder	SRR19139555
Tumors/Gallbladder	SRR19139556
Tumors/Gallbladder	SRR19139557
Tumors/Gallbladder	SRR19139558
Tumors/Gallbladder	SRR25998611
Tumors/Gallbladder	SRR25998612
Tumors/Gallbladder	SRR25998613
Tumors/Gallbladder	SRR25998614
Tumors/Gallbladder	SRR25998615
Tumors/Gallbladder	SRR25998616
Tumors/Gallbladder	SRR25998621
Tumors/Gallbladder	SRR25998622
Tumors/Gallbladder	SRR30633528
Tumors/Gallbladder	SRR30633529
Tumors/Gallbladder	SRR30633530
Tumors/Gallbladder	SRR30633531
Tumors/Gallbladder	SRR30633532
Tumors/Gallbladder	SRR32560242
Tumors/Gallbladder	SRR32560243
Tumors/Gallbladder	SRR32560244
Tumors/Gallbladder	SRR32974236
Tumors/Gallbladder	SRR32974237
Tumors/Gallbladder	SRR32974238
Tumors/Gallbladder	SRR32974239
Tumors/Gallbladder	SRR32974240
Tumors/Gallbladder	SRR32974241
Tumors/Gallbladder	SRR32974242
Tumors/Gallbladder	SRR32974243
Tumors/Gallbladder	SRR32974250
Tumors/Gallbladder	SRR32974251
Tumors/Gallbladder	SRR32974252
Tumors/Gallbladder	SRR32974253
Tumors/Gallbladder	SRR32974254
Tumors/Gallbladder	SRR5742687
Tumors/Gallbladder	SRR5742689
Tumors/Gallbladder	SRR5742691
Tumors/Gallbladder	SRR5742693
Tumors/Gallbladder	SRR9203716
Tumors/Gallbladder	SRR9203717
Tumors/Gallbladder	SRR9203719
Tumors/Gallbladder	SRR9203720
Tumors/Gallbladder	SRR9203722
Tumors/Gallbladder	SRR9203723
Tumors/Gum+MouthOther	ERR2278848
Tumors/Gum+MouthOther	ERR2278849
Tumors/Gum+MouthOther	ERR2278851
Tumors/Gum+MouthOther	ERR2278853
Tumors/Gum+MouthOther	ERR2278857
Tumors/Gum+MouthOther	ERR2278858
Tumors/Gum+MouthOther	ERR2278860
Tumors/Gum+MouthOther	ERR2278863
Tumors/Gum+MouthOther	ERR2278864
Tumors/Gum+MouthOther	ERR2278867
Tumors/Gum+MouthOther	ERR2278870
Tumors/Gum+MouthOther	ERR2278871
Tumors/Gum+MouthOther	ERR2278872
Tumors/Gum+MouthOther	ERR2278875
Tumors/Gum+MouthOther	ERR2278879
Tumors/Gum+MouthOther	ERR649020
Tumors/Gum+MouthOther	ERR649024
Tumors/Gum+MouthOther	ERR649025
Tumors/Gum+MouthOther	ERR649027
Tumors/Gum+MouthOther	ERR649032
Tumors/Gum+MouthOther	ERR649036
Tumors/Gum+MouthOther	ERR649040
Tumors/Gum+MouthOther	ERR649042
Tumors/Gum+MouthOther	ERR649044
Tumors/Gum+MouthOther	ERR649045
Tumors/Gum+MouthOther	ERR649048
Tumors/Gum+MouthOther	ERR649051
Tumors/Gum+MouthOther	ERR649054
Tumors/Gum+MouthOther	ERR649056
Tumors/Gum+MouthOther	ERR649061
Tumors/Gum+MouthOther	ERR649065
Tumors/Gum+MouthOther	ERR649068
Tumors/Gum+MouthOther	ERR649071
Tumors/Gum+MouthOther	ERR649074
Tumors/Gum+MouthOther	SRR10502315
Tumors/Gum+MouthOther	SRR11783208
Tumors/Gum+MouthOther	SRR11783209
Tumors/Gum+MouthOther	SRR11783210
Tumors/Gum+MouthOther	SRR11783211
Tumors/Gum+MouthOther	SRR11783212
Tumors/Gum+MouthOther	SRR12450087
Tumors/Gum+MouthOther	SRR12450088
Tumors/Gum+MouthOther	SRR12450089
Tumors/Gum+MouthOther	SRR12450090
Tumors/Gum+MouthOther	SRR12450091
Tumors/Gum+MouthOther	SRR12450092
Tumors/Gum+MouthOther	SRR12450093
Tumors/Gum+MouthOther	SRR12450094
Tumors/Gum+MouthOther	SRR12450095
Tumors/Gum+MouthOther	SRR12450096
Tumors/Gum+MouthOther	SRR14740629
Tumors/Gum+MouthOther	SRR14740630
Tumors/Gum+MouthOther	SRR14740631
Tumors/Gum+MouthOther	SRR14740634
Tumors/Gum+MouthOther	SRR16013052
Tumors/Gum+MouthOther	SRR16013061
Tumors/Gum+MouthOther	SRR16612818
Tumors/Gum+MouthOther	SRR16612820
Tumors/Gum+MouthOther	SRR16612822
Tumors/Gum+MouthOther	SRR16612824
Tumors/Gum+MouthOther	SRR16612826
Tumors/Gum+MouthOther	SRR16612827
Tumors/Gum+MouthOther	SRR16612829
Tumors/Gum+MouthOther	SRR16612832
Tumors/Gum+MouthOther	SRR16612834
Tumors/Gum+MouthOther	SRR16612835
Tumors/Gum+MouthOther	SRR16612837
Tumors/Gum+MouthOther	SRR16612840
Tumors/Gum+MouthOther	SRR16612842
Tumors/Gum+MouthOther	SRR16612843
Tumors/Gum+MouthOther	SRR16612845
Tumors/Gum+MouthOther	SRR16612848
Tumors/Gum+MouthOther	SRR16612850
Tumors/Gum+MouthOther	SRR16940415
Tumors/Gum+MouthOther	SRR16940419
Tumors/Gum+MouthOther	SRR16940424
Tumors/Gum+MouthOther	SRR16940428
Tumors/Gum+MouthOther	SRR16940429
Tumors/Gum+MouthOther	SRR16940431
Tumors/Gum+MouthOther	SRR16940439
Tumors/Gum+MouthOther	SRR16940448
Tumors/Gum+MouthOther	SRR16940454
Tumors/Gum+MouthOther	SRR16940459
Tumors/Gum+MouthOther	SRR16940463
Tumors/Gum+MouthOther	SRR20313708
Tumors/Gum+MouthOther	SRR20313709
Tumors/Gum+MouthOther	SRR20313712
Tumors/Gum+MouthOther	SRR20313713
Tumors/Gum+MouthOther	SRR20313714
Tumors/Gum+MouthOther	SRR20313715
Tumors/Gum+MouthOther	SRR20313716
Tumors/Gum+MouthOther	SRR20313717
Tumors/Gum+MouthOther	SRR20313718
Tumors/Gum+MouthOther	SRR20313719
Tumors/Gum+MouthOther	SRR20313720
Tumors/Gum+MouthOther	SRR20313721
Tumors/Gum+MouthOther	SRR20313722
Tumors/Gum+MouthOther	SRR20313723
Tumors/Gum+MouthOther	SRR20313724
Tumors/Gum+MouthOther	SRR20313726
Tumors/Gum+MouthOther	SRR20313728
Tumors/Gum+MouthOther	SRR20313729
Tumors/Gum+MouthOther	SRR20313730
Tumors/Gum+MouthOther	SRR20313731
Tumors/Gum+MouthOther	SRR20313732
Tumors/Gum+MouthOther	SRR20313733
Tumors/Gum+MouthOther	SRR20313734
Tumors/Gum+MouthOther	SRR20313735
Tumors/Gum+MouthOther	SRR2094282
Tumors/Gum+MouthOther	SRR2094285
Tumors/Gum+MouthOther	SRR22149443
Tumors/Gum+MouthOther	SRR22149444
Tumors/Gum+MouthOther	SRR22149445
Tumors/Gum+MouthOther	SRR22149446
Tumors/Gum+MouthOther	SRR22149447
Tumors/Gum+MouthOther	SRR22149448
Tumors/Gum+MouthOther	SRR22827417
Tumors/Gum+MouthOther	SRR22827418
Tumors/Gum+MouthOther	SRR22827424
Tumors/Gum+MouthOther	SRR23053052
Tumors/Gum+MouthOther	SRR23053053
Tumors/Gum+MouthOther	SRR23053054
Tumors/Gum+MouthOther	SRR23053055
Tumors/Gum+MouthOther	SRR23053056
Tumors/Gum+MouthOther	SRR23053057
Tumors/Gum+MouthOther	SRR23053058
Tumors/Gum+MouthOther	SRR23053059
Tumors/Gum+MouthOther	SRR23053060
Tumors/Gum+MouthOther	SRR23053061
Tumors/Gum+MouthOther	SRR23053062
Tumors/Gum+MouthOther	SRR23053063
Tumors/Gum+MouthOther	SRR23053064
Tumors/Gum+MouthOther	SRR23053065
Tumors/Gum+MouthOther	SRR23053066
Tumors/Gum+MouthOther	SRR23053067
Tumors/Gum+MouthOther	SRR23053068
Tumors/Gum+MouthOther	SRR23053069
Tumors/Gum+MouthOther	SRR23053070
Tumors/Gum+MouthOther	SRR23053071
Tumors/Gum+MouthOther	SRR23053072
Tumors/Gum+MouthOther	SRR23053073
Tumors/Gum+MouthOther	SRR23053074
Tumors/Gum+MouthOther	SRR23053075
Tumors/Gum+MouthOther	SRR23053076
Tumors/Gum+MouthOther	SRR23053077
Tumors/Gum+MouthOther	SRR23053078
Tumors/Gum+MouthOther	SRR23053079
Tumors/Gum+MouthOther	SRR23053080
Tumors/Gum+MouthOther	SRR23053081
Tumors/Gum+MouthOther	SRR23053082
Tumors/Gum+MouthOther	SRR23053083
Tumors/Gum+MouthOther	SRR23053084
Tumors/Gum+MouthOther	SRR23053085
Tumors/Gum+MouthOther	SRR23053086
Tumors/Gum+MouthOther	SRR23053087
Tumors/Gum+MouthOther	SRR23053088
Tumors/Gum+MouthOther	SRR23053089
Tumors/Gum+MouthOther	SRR23053090
Tumors/Gum+MouthOther	SRR23053091
Tumors/Gum+MouthOther	SRR23053092
Tumors/Gum+MouthOther	SRR23053093
Tumors/Gum+MouthOther	SRR23053094
Tumors/Gum+MouthOther	SRR23053095
Tumors/Gum+MouthOther	SRR23053096
Tumors/Gum+MouthOther	SRR23053097
Tumors/Gum+MouthOther	SRR23053098
Tumors/Gum+MouthOther	SRR23053099
Tumors/Gum+MouthOther	SRR23053100
Tumors/Gum+MouthOther	SRR23053101
Tumors/Gum+MouthOther	SRR23053102
Tumors/Gum+MouthOther	SRR23053124
Tumors/Gum+MouthOther	SRR23053125
Tumors/Gum+MouthOther	SRR23053126
Tumors/Gum+MouthOther	SRR23053127
Tumors/Gum+MouthOther	SRR23053128
Tumors/Gum+MouthOther	SRR23053129
Tumors/Gum+MouthOther	SRR23053130
Tumors/Gum+MouthOther	SRR23053131
Tumors/Gum+MouthOther	SRR23053132
Tumors/Gum+MouthOther	SRR23053133
Tumors/Gum+MouthOther	SRR23053134
Tumors/Gum+MouthOther	SRR23053135
Tumors/Gum+MouthOther	SRR23053136
Tumors/Gum+MouthOther	SRR23053137
Tumors/Gum+MouthOther	SRR23053138
Tumors/Gum+MouthOther	SRR23053139
Tumors/Gum+MouthOther	SRR23053140
Tumors/Gum+MouthOther	SRR23053141
Tumors/Gum+MouthOther	SRR24889140
Tumors/Gum+MouthOther	SRR24889142
Tumors/Gum+MouthOther	SRR24889144
Tumors/Gum+MouthOther	SRR24889146
Tumors/Gum+MouthOther	SRR24889150
Tumors/Gum+MouthOther	SRR24889152
Tumors/Gum+MouthOther	SRR24889156
Tumors/Gum+MouthOther	SRR24889158
Tumors/Gum+MouthOther	SRR24889160
Tumors/Gum+MouthOther	SRR24889162
Tumors/Gum+MouthOther	SRR24889164
Tumors/Gum+MouthOther	SRR25043610
Tumors/Gum+MouthOther	SRR25043611
Tumors/Gum+MouthOther	SRR25043612
Tumors/Gum+MouthOther	SRR25043615
Tumors/Gum+MouthOther	SRR25043616
Tumors/Gum+MouthOther	SRR25043619
Tumors/Gum+MouthOther	SRR25043620
Tumors/Gum+MouthOther	SRR25043621
Tumors/Gum+MouthOther	SRR25043622
Tumors/Gum+MouthOther	SRR25043623
Tumors/Gum+MouthOther	SRR25043624
Tumors/Gum+MouthOther	SRR25043625
Tumors/Gum+MouthOther	SRR25043626
Tumors/Gum+MouthOther	SRR25043627
Tumors/Gum+MouthOther	SRR25043628
Tumors/Gum+MouthOther	SRR25043629
Tumors/Gum+MouthOther	SRR25043630
Tumors/Gum+MouthOther	SRR25043631
Tumors/Gum+MouthOther	SRR25043632
Tumors/Gum+MouthOther	SRR25043633
Tumors/Gum+MouthOther	SRR25043634
Tumors/Gum+MouthOther	SRR25043635
Tumors/Gum+MouthOther	SRR27993247
Tumors/Gum+MouthOther	SRR27993248
Tumors/Gum+MouthOther	SRR27993249
Tumors/Gum+MouthOther	SRR27993250
Tumors/Gum+MouthOther	SRR27993251
Tumors/Gum+MouthOther	SRR30168944
Tumors/Gum+MouthOther	SRR30168945
Tumors/Gum+MouthOther	SRR30291125
Tumors/Gum+MouthOther	SRR30291178
Tumors/Gum+MouthOther	SRR30291180
Tumors/Gum+MouthOther	SRR30291182
Tumors/Gum+MouthOther	SRR30291191
Tumors/Gum+MouthOther	SRR30291193
Tumors/Gum+MouthOther	SRR30787016
Tumors/Gum+MouthOther	SRR30787017
Tumors/Gum+MouthOther	SRR30787019
Tumors/Gum+MouthOther	SRR30787020
Tumors/Gum+MouthOther	SRR30787021
Tumors/Gum+MouthOther	SRR30787023
Tumors/Gum+MouthOther	SRR30787024
Tumors/Gum+MouthOther	SRR30787025
Tumors/Gum+MouthOther	SRR30787026
Tumors/Gum+MouthOther	SRR30787027
Tumors/Gum+MouthOther	SRR30787028
Tumors/Gum+MouthOther	SRR30787029
Tumors/Gum+MouthOther	SRR30787030
Tumors/Gum+MouthOther	SRR30787032
Tumors/Gum+MouthOther	SRR30787033
Tumors/Gum+MouthOther	SRR30787034
Tumors/Gum+MouthOther	SRR30787035
Tumors/Gum+MouthOther	SRR30787036
Tumors/Gum+MouthOther	SRR30787038
Tumors/Gum+MouthOther	SRR30787040
Tumors/Gum+MouthOther	SRR30787041
Tumors/Gum+MouthOther	SRR30787042
Tumors/Gum+MouthOther	SRR30787043
Tumors/Gum+MouthOther	SRR30787044
Tumors/Gum+MouthOther	SRR30787045
Tumors/Gum+MouthOther	SRR30787046
Tumors/Gum+MouthOther	SRR30787047
Tumors/Gum+MouthOther	SRR30787048
Tumors/Gum+MouthOther	SRR30787049
Tumors/Gum+MouthOther	SRR30787050
Tumors/Gum+MouthOther	SRR30787051
Tumors/Gum+MouthOther	SRR30787052
Tumors/Gum+MouthOther	SRR30787053
Tumors/Gum+MouthOther	SRR30787054
Tumors/Gum+MouthOther	SRR30787055
Tumors/Gum+MouthOther	SRR30787056
Tumors/Gum+MouthOther	SRR30787059
Tumors/Gum+MouthOther	SRR30787060
Tumors/Gum+MouthOther	SRR30787061
Tumors/Gum+MouthOther	SRR30787062
Tumors/Gum+MouthOther	SRR30787063
Tumors/Gum+MouthOther	SRR30787064
Tumors/Gum+MouthOther	SRR30787066
Tumors/Gum+MouthOther	SRR30787067
Tumors/Gum+MouthOther	SRR30787068
Tumors/Gum+MouthOther	SRR30787069
Tumors/Gum+MouthOther	SRR30787070
Tumors/Gum+MouthOther	SRR30787071
Tumors/Gum+MouthOther	SRR30787072
Tumors/Gum+MouthOther	SRR30787073
Tumors/Gum+MouthOther	SRR30787075
Tumors/Gum+MouthOther	SRR30787076
Tumors/Gum+MouthOther	SRR30787077
Tumors/Gum+MouthOther	SRR30787078
Tumors/Gum+MouthOther	SRR30787079
Tumors/Gum+MouthOther	SRR30787080
Tumors/Gum+MouthOther	SRR30787081
Tumors/Gum+MouthOther	SRR30787083
Tumors/Gum+MouthOther	SRR30787084
Tumors/Gum+MouthOther	SRR30787085
Tumors/Gum+MouthOther	SRR30787086
Tumors/Gum+MouthOther	SRR30787087
Tumors/Gum+MouthOther	SRR30787088
Tumors/Gum+MouthOther	SRR30787089
Tumors/Gum+MouthOther	SRR30787090
Tumors/Gum+MouthOther	SRR30787091
Tumors/Gum+MouthOther	SRR30787092
Tumors/Gum+MouthOther	SRR30787093
Tumors/Gum+MouthOther	SRR30787094
Tumors/Gum+MouthOther	SRR30787095
Tumors/Gum+MouthOther	SRR30787097
Tumors/Gum+MouthOther	SRR30787098
Tumors/Gum+MouthOther	SRR30787099
Tumors/Gum+MouthOther	SRR30787103
Tumors/Gum+MouthOther	SRR30787104
Tumors/Gum+MouthOther	SRR30787105
Tumors/Gum+MouthOther	SRR30787106
Tumors/Gum+MouthOther	SRR30787107
Tumors/Gum+MouthOther	SRR30787108
Tumors/Gum+MouthOther	SRR30787112
Tumors/Gum+MouthOther	SRR30787113
Tumors/Gum+MouthOther	SRR30787114
Tumors/Gum+MouthOther	SRR30787115
Tumors/Gum+MouthOther	SRR30787116
Tumors/Gum+MouthOther	SRR30787118
Tumors/Gum+MouthOther	SRR30787121
Tumors/Gum+MouthOther	SRR30787122
Tumors/Gum+MouthOther	SRR8762161
Tumors/Gum+MouthOther	SRR8762463
Tumors/Gum+MouthOther	SRR8762631
Tumors/Gum+MouthOther	SRR9054145
Tumors/Gum+MouthOther	SRR9054146
Tumors/Gum+MouthOther	SRR9054147
Tumors/Gum+MouthOther	SRR9054148
Tumors/Gum+MouthOther	SRR9054149
Tumors/Gum+MouthOther	SRR9054150
Tumors/Larynx	SRR10116266
Tumors/Larynx	SRR10116268
Tumors/Larynx	SRR10116270
Tumors/Larynx	SRR22060464
Tumors/Larynx	SRR22060465
Tumors/Larynx	SRR22060466
Tumors/Larynx	SRR22060467
Tumors/Larynx	SRR22060468
Tumors/Larynx	SRR22060469
Tumors/Larynx	SRR22060470
Tumors/Larynx	SRR22060471
Tumors/Larynx	SRR22060472
Tumors/Larynx	SRR22060476
Tumors/Larynx	SRR26186834
Tumors/Larynx	SRR26186840
Tumors/Larynx	SRR26186848
Tumors/Larynx	SRR26186851
Tumors/LungLargeCell	SRR17120878
Tumors/LungLargeCell	SRR17120901
Tumors/LungLargeCell	SRR1777846
Tumors/LungLargeCell	SRR1777866
Tumors/LungLargeCell	SRR1777869
Tumors/LungLargeCell	SRR2046423
Tumors/LungLargeCell	SRR2046425
Tumors/LungLargeCell	SRR2046426
Tumors/LungLargeCell	SRR2046430
Tumors/LungLargeCell	SRR2046431
Tumors/LungLargeCell	SRR2046433
Tumors/LungLargeCell	SRR24291673
Tumors/LungLargeCell	SRR27933520
Tumors/LungLargeCell	SRR27933665
Tumors/LungLargeCell	SRR3214871
Tumors/LungLargeCell	SRR3214899
Tumors/LungLargeCell	SRR3214900
Tumors/LungLargeCell	SRR3214901
Tumors/LungLargeCell	SRR3214902
Tumors/LungLargeCell	SRR3214903
Tumors/LungLargeCell	SRR3214904
Tumors/LungLargeCell	SRR3214905
Tumors/LungLargeCell	SRR3214906
Tumors/LungLargeCell	SRR923782
Tumors/LungLargeCell	SRR923783
Tumors/LungLargeCell	SRR923795
Tumors/MouthFloor	ERR2278855
Tumors/MouthFloor	ERR2278859
Tumors/MouthFloor	ERR2278861
Tumors/MouthFloor	ERR2278873
Tumors/MouthFloor	ERR2278874
Tumors/MouthFloor	ERR2278878
Tumors/MouthFloor	ERR2278880
Tumors/MouthFloor	ERR2278883
Tumors/MouthFloor	ERR2278884
Tumors/MouthFloor	ERR2278885
Tumors/MouthFloor	SRR14740633
Tumors/Oropharyngeal	ERR10031366
Tumors/Oropharyngeal	ERR10031367
Tumors/Oropharyngeal	ERR10031368
Tumors/Oropharyngeal	ERR10031369
Tumors/Oropharyngeal	ERR10031370
Tumors/Oropharyngeal	SRR11860526
Tumors/Oropharyngeal	SRR11860527
Tumors/Oropharyngeal	SRR11860529
Tumors/Oropharyngeal	SRR11860530
Tumors/Oropharyngeal	SRR11860531
Tumors/Oropharyngeal	SRR11860538
Tumors/Oropharyngeal	SRR12887239
Tumors/Oropharyngeal	SRR12887240
Tumors/Oropharyngeal	SRR12887241
Tumors/Oropharyngeal	SRR12887242
Tumors/Oropharyngeal	SRR12887243
Tumors/Oropharyngeal	SRR12887244
Tumors/Oropharyngeal	SRR12887245
Tumors/Oropharyngeal	SRR12887246
Tumors/Oropharyngeal	SRR21973884
Tumors/Oropharyngeal	SRR21973885
Tumors/Oropharyngeal	SRR21973886
Tumors/Oropharyngeal	SRR21973887
Tumors/Oropharyngeal	SRR21973888
Tumors/Oropharyngeal	SRR21973889
Tumors/Oropharyngeal	SRR21973890
Tumors/Oropharyngeal	SRR21973891
Tumors/Oropharyngeal	SRR21973892
Tumors/Oropharyngeal	SRR21973893
Tumors/Oropharyngeal	SRR21973894
Tumors/Oropharyngeal	SRR21973895
Tumors/Oropharyngeal	SRR21973896
Tumors/Oropharyngeal	SRR21973897
Tumors/Oropharyngeal	SRR21973898
Tumors/Oropharyngeal	SRR21973899
Tumors/Oropharyngeal	SRR21973900
Tumors/Oropharyngeal	SRR21973901
Tumors/Oropharyngeal	SRR21973902
Tumors/Oropharyngeal	SRR21973903
Tumors/Oropharyngeal	SRR21973904
Tumors/Oropharyngeal	SRR21973905
Tumors/Oropharyngeal	SRR21973906
Tumors/Oropharyngeal	SRR21973907
Tumors/Oropharyngeal	SRR21973908
Tumors/Oropharyngeal	SRR21973909
Tumors/Oropharyngeal	SRR21973910
Tumors/Oropharyngeal	SRR21973911
Tumors/Oropharyngeal	SRR21973912
Tumors/Oropharyngeal	SRR21973913
Tumors/Oropharyngeal	SRR21973914
Tumors/Oropharyngeal	SRR21973915
Tumors/Oropharyngeal	SRR21973916
Tumors/Oropharyngeal	SRR21973917
Tumors/Oropharyngeal	SRR21973918
Tumors/Oropharyngeal	SRR21973919
Tumors/Oropharyngeal	SRR21973920
Tumors/Oropharyngeal	SRR21973921
Tumors/Oropharyngeal	SRR21973922
Tumors/Oropharyngeal	SRR21973923
Tumors/Oropharyngeal	SRR21973924
Tumors/Oropharyngeal	SRR21973925
Tumors/Oropharyngeal	SRR21973926
Tumors/Oropharyngeal	SRR21973927
Tumors/Oropharyngeal	SRR21973928
Tumors/Oropharyngeal	SRR21973929
Tumors/Oropharyngeal	SRR21973930
Tumors/Oropharyngeal	SRR21973931
Tumors/Oropharyngeal	SRR21973932
Tumors/Oropharyngeal	SRR21973933
Tumors/Oropharyngeal	SRR21973934
Tumors/Oropharyngeal	SRR21973935
Tumors/Oropharyngeal	SRR21973936
Tumors/Oropharyngeal	SRR21973937
Tumors/Oropharyngeal	SRR21973938
Tumors/Oropharyngeal	SRR21973939
Tumors/Oropharyngeal	SRR21973940
Tumors/Oropharyngeal	SRR21973941
Tumors/Oropharyngeal	SRR21973942
Tumors/Oropharyngeal	SRR21973943
Tumors/Oropharyngeal	SRR21973944
Tumors/Oropharyngeal	SRR21973945
Tumors/Oropharyngeal	SRR21973946
Tumors/Oropharyngeal	SRR21973947
Tumors/Oropharyngeal	SRR21973948
Tumors/Oropharyngeal	SRR21973949
Tumors/Oropharyngeal	SRR21973950
Tumors/Oropharyngeal	SRR21973951
Tumors/Oropharyngeal	SRR21973952
Tumors/Oropharyngeal	SRR21973953
Tumors/Oropharyngeal	SRR21973954
Tumors/Oropharyngeal	SRR21973955
Tumors/Oropharyngeal	SRR21973956
Tumors/Oropharyngeal	SRR21973957
Tumors/Oropharyngeal	SRR21973958
Tumors/Oropharyngeal	SRR21973959
Tumors/Oropharyngeal	SRR21973960
Tumors/Oropharyngeal	SRR21973961
Tumors/Oropharyngeal	SRR21973962
Tumors/Oropharyngeal	SRR21973963
Tumors/Oropharyngeal	SRR21973964
Tumors/Oropharyngeal	SRR21973965
Tumors/Oropharyngeal	SRR21973966
Tumors/Oropharyngeal	SRR21973967
Tumors/Oropharyngeal	SRR21973968
Tumors/Oropharyngeal	SRR21973969
Tumors/Oropharyngeal	SRR21973970
Tumors/Oropharyngeal	SRR21973971
Tumors/Oropharyngeal	SRR21973972
Tumors/Oropharyngeal	SRR21973973
Tumors/Oropharyngeal	SRR21973974
Tumors/Oropharyngeal	SRR21973975
Tumors/Oropharyngeal	SRR21973976
Tumors/Oropharyngeal	SRR21973977
Tumors/Oropharyngeal	SRR21973978
Tumors/Oropharyngeal	SRR21973979
Tumors/Oropharyngeal	SRR21973980
Tumors/Oropharyngeal	SRR21973981
Tumors/Oropharyngeal	SRR21973982
Tumors/Oropharyngeal	SRR21973983
Tumors/Oropharyngeal	SRR21973984
Tumors/Oropharyngeal	SRR21973985
Tumors/Oropharyngeal	SRR21973986
Tumors/Oropharyngeal	SRR21973987
Tumors/Oropharyngeal	SRR21973988
Tumors/Oropharyngeal	SRR21973989
Tumors/Oropharyngeal	SRR21973990
Tumors/Oropharyngeal	SRR21973991
Tumors/Oropharyngeal	SRR21973992
Tumors/Oropharyngeal	SRR21973993
Tumors/Oropharyngeal	SRR21973994
Tumors/Oropharyngeal	SRR21973995
Tumors/Oropharyngeal	SRR21973996
Tumors/Oropharyngeal	SRR21973997
Tumors/Oropharyngeal	SRR21973998
Tumors/Oropharyngeal	SRR21973999
Tumors/Oropharyngeal	SRR21974000
Tumors/Oropharyngeal	SRR21974001
Tumors/Oropharyngeal	SRR21974002
Tumors/Oropharyngeal	SRR21974003
Tumors/Oropharyngeal	SRR21974004
Tumors/Oropharyngeal	SRR21974005
Tumors/Oropharyngeal	SRR21974006
Tumors/Oropharyngeal	SRR21974007
Tumors/Oropharyngeal	SRR21974008
Tumors/Oropharyngeal	SRR21974009
Tumors/Oropharyngeal	SRR21974010
Tumors/Oropharyngeal	SRR21974011
Tumors/Oropharyngeal	SRR21974012
Tumors/Oropharyngeal	SRR21974013
Tumors/Oropharyngeal	SRR21974014
Tumors/Oropharyngeal	SRR21974015
Tumors/Oropharyngeal	SRR21974016
Tumors/Oropharyngeal	SRR24511904
Tumors/Oropharyngeal	SRR24511905
Tumors/Oropharyngeal	SRR24511917
Tumors/Oropharyngeal	SRR24511919
Tumors/Oropharyngeal	SRR24511921
Tumors/Oropharyngeal	SRR24511928
Tumors/Oropharyngeal	SRR24511930
Tumors/Oropharyngeal	SRR24511940
Tumors/Oropharyngeal	SRR24511952
Tumors/Oropharyngeal	SRR24511963
Tumors/Oropharyngeal	SRR24511964
Tumors/Oropharyngeal	SRR25116202
Tumors/Oropharyngeal	SRR25116203
Tumors/Oropharyngeal	SRR25116204
Tumors/Oropharyngeal	SRR25116205
Tumors/Oropharyngeal	SRR25116206
Tumors/Oropharyngeal	SRR25116207
Tumors/Oropharyngeal	SRR25116208
Tumors/Oropharyngeal	SRR25116209
Tumors/Oropharyngeal	SRR25116210
Tumors/Oropharyngeal	SRR25116211
Tumors/Oropharyngeal	SRR25116212
Tumors/Oropharyngeal	SRR25116213
Tumors/Oropharyngeal	SRR25116214
Tumors/Oropharyngeal	SRR25116215
Tumors/Oropharyngeal	SRR25116216
Tumors/Oropharyngeal	SRR25116217
Tumors/Oropharyngeal	SRR25116218
Tumors/Oropharyngeal	SRR25116219
Tumors/Oropharyngeal	SRR25116220
Tumors/Oropharyngeal	SRR25116221
Tumors/Oropharyngeal	SRR25116222
Tumors/Oropharyngeal	SRR25116223
Tumors/Oropharyngeal	SRR25116224
Tumors/Oropharyngeal	SRR25116225
Tumors/Oropharyngeal	SRR25116226
Tumors/Oropharyngeal	SRR25116227
Tumors/Oropharyngeal	SRR25116228
Tumors/Oropharyngeal	SRR25116229
Tumors/Oropharyngeal	SRR25116230
Tumors/Oropharyngeal	SRR25116231
Tumors/Oropharyngeal	SRR25116232
Tumors/Oropharyngeal	SRR25116233
Tumors/Oropharyngeal	SRR25116234
Tumors/Oropharyngeal	SRR25116235
Tumors/Oropharyngeal	SRR25116236
Tumors/Oropharyngeal	SRR25116237
Tumors/Oropharyngeal	SRR25116238
Tumors/Oropharyngeal	SRR25116239
Tumors/Oropharyngeal	SRR25116240
Tumors/Oropharyngeal	SRR25116241
Tumors/Oropharyngeal	SRR25116242
Tumors/Oropharyngeal	SRR25116243
Tumors/Oropharyngeal	SRR25116244
Tumors/Oropharyngeal	SRR25116245
Tumors/Oropharyngeal	SRR25116246
Tumors/Oropharyngeal	SRR25116247
Tumors/Oropharyngeal	SRR25116248
Tumors/Oropharyngeal	SRR25116249
Tumors/Oropharyngeal	SRR25116250
Tumors/Oropharyngeal	SRR25116251
Tumors/Oropharyngeal	SRR25116252
Tumors/Oropharyngeal	SRR25116253
Tumors/Oropharyngeal	SRR25116254
Tumors/Oropharyngeal	SRR25116255
Tumors/Oropharyngeal	SRR25116256
Tumors/Oropharyngeal	SRR25116257
Tumors/Oropharyngeal	SRR25116258
Tumors/Oropharyngeal	SRR25116259
Tumors/Oropharyngeal	SRR25116260
Tumors/Oropharyngeal	SRR25116261
Tumors/Oropharyngeal	SRR25116262
Tumors/Oropharyngeal	SRR25116263
Tumors/Oropharyngeal	SRR25116264
Tumors/Oropharyngeal	SRR25116265
Tumors/Oropharyngeal	SRR25116266
Tumors/Oropharyngeal	SRR25116267
Tumors/Oropharyngeal	SRR25116268
Tumors/Oropharyngeal	SRR25116269
Tumors/Oropharyngeal	SRR25116270
Tumors/Oropharyngeal	SRR25116271
Tumors/Oropharyngeal	SRR25116272
Tumors/Oropharyngeal	SRR6860803
Tumors/Oropharyngeal	SRR6860804
Tumors/Oropharyngeal	SRR8762095
Tumors/Oropharyngeal	SRR8762131
Tumors/Oropharyngeal	SRR8762814
Tumors/Oropharyngeal	SRR8762820
Tumors/Oropharyngeal	SRR8764238
Tumors/Oropharyngeal	SRR9304325
Tumors/Pancreas	DRR182532
Tumors/Pancreas	DRR182533
Tumors/Pancreas	DRR182534
Tumors/Pancreas	DRR182535
Tumors/Pancreas	DRR182536
Tumors/Pancreas	DRR182537
Tumors/Pancreas	DRR182538
Tumors/Pancreas	DRR182539
Tumors/Pancreas	DRR182540
Tumors/Pancreas	DRR182541
Tumors/Pancreas	DRR182542
Tumors/Pancreas	DRR182543
Tumors/Pancreas	DRR182544
Tumors/Pancreas	DRR182545
Tumors/Pancreas	SRR10030979
Tumors/Pancreas	SRR10030980
Tumors/Pancreas	SRR10030981
Tumors/Pancreas	SRR10030982
Tumors/Pancreas	SRR10030983
Tumors/Pancreas	SRR10319860
Tumors/Pancreas	SRR10319862
Tumors/Pancreas	SRR10319864
Tumors/Pancreas	SRR11792167
Tumors/Pancreas	SRR11792168
Tumors/Pancreas	SRR11792169
Tumors/Pancreas	SRR11792170
Tumors/Pancreas	SRR14275251
Tumors/Pancreas	SRR14275252
Tumors/Pancreas	SRR14275253
Tumors/Pancreas	SRR14275254
Tumors/Pancreas	SRR14275255
Tumors/Pancreas	SRR14275256
Tumors/Pancreas	SRR14275257
Tumors/Pancreas	SRR14275258
Tumors/Pancreas	SRR14275259
Tumors/Pancreas	SRR14275260
Tumors/Pancreas	SRR14275261
Tumors/Pancreas	SRR14275262
Tumors/Pancreas	SRR14275263
Tumors/Pancreas	SRR14275264
Tumors/Pancreas	SRR14275265
Tumors/Pancreas	SRR14275266
Tumors/Pancreas	SRR14275267
Tumors/Pancreas	SRR14275268
Tumors/Pancreas	SRR14275269
Tumors/Pancreas	SRR14275270
Tumors/Pancreas	SRR14275271
Tumors/Pancreas	SRR14275272
Tumors/Pancreas	SRR14275273
Tumors/Pancreas	SRR14275274
Tumors/Pancreas	SRR14275275
Tumors/Pancreas	SRR14275276
Tumors/Pancreas	SRR14275277
Tumors/Pancreas	SRR14275278
Tumors/Pancreas	SRR14275279
Tumors/Pancreas	SRR14275280
Tumors/Pancreas	SRR14275281
Tumors/Pancreas	SRR14275282
Tumors/Pancreas	SRR14275283
Tumors/Pancreas	SRR14275284
Tumors/Pancreas	SRR14275285
Tumors/Pancreas	SRR14275286
Tumors/Pancreas	SRR14275287
Tumors/Pancreas	SRR14275288
Tumors/Pancreas	SRR14275289
Tumors/Pancreas	SRR14275290
Tumors/Pancreas	SRR14275291
Tumors/Pancreas	SRR14275292
Tumors/Pancreas	SRR14275293
Tumors/Pancreas	SRR14275294
Tumors/Pancreas	SRR14275295
Tumors/Pancreas	SRR14275296
Tumors/Pancreas	SRR14275297
Tumors/Pancreas	SRR14275298
Tumors/Pancreas	SRR14275299
Tumors/Pancreas	SRR14275300
Tumors/Pancreas	SRR14275301
Tumors/Pancreas	SRR14275302
Tumors/Pancreas	SRR14275303
Tumors/Pancreas	SRR14275304
Tumors/Pancreas	SRR14275305
Tumors/Pancreas	SRR14275306
Tumors/Pancreas	SRR14275307
Tumors/Pancreas	SRR14275308
Tumors/Pancreas	SRR14275309
Tumors/Pancreas	SRR14275310
Tumors/Pancreas	SRR14275311
Tumors/Pancreas	SRR14275312
Tumors/Pancreas	SRR15964342
Tumors/Pancreas	SRR15964343
Tumors/Pancreas	SRR15964344
Tumors/Pancreas	SRR15964345
Tumors/Pancreas	SRR15964346
Tumors/Pancreas	SRR15964347
Tumors/Pancreas	SRR15964348
Tumors/Pancreas	SRR15964349
Tumors/Pancreas	SRR15964350
Tumors/Pancreas	SRR15964351
Tumors/Pancreas	SRR15964352
Tumors/Pancreas	SRR15964353
Tumors/Pancreas	SRR16204430
Tumors/Pancreas	SRR16204431
Tumors/Pancreas	SRR16204432
Tumors/Pancreas	SRR16204433
Tumors/Pancreas	SRR16204438
Tumors/Pancreas	SRR16204439
Tumors/Pancreas	SRR1646784
Tumors/Pancreas	SRR1646785
Tumors/Pancreas	SRR1646786
Tumors/Pancreas	SRR1646787
Tumors/Pancreas	SRR1646788
Tumors/Pancreas	SRR1646789
Tumors/Pancreas	SRR1646790
Tumors/Pancreas	SRR1646791
Tumors/Pancreas	SRR17335068
Tumors/Pancreas	SRR17335070
Tumors/Pancreas	SRR17335072
Tumors/Pancreas	SRR17335074
Tumors/Pancreas	SRR17335076
Tumors/Pancreas	SRR17335078
Tumors/Pancreas	SRR17335080
Tumors/Pancreas	SRR17335082
Tumors/Pancreas	SRR17335084
Tumors/Pancreas	SRR17335086
Tumors/Pancreas	SRR17335088
Tumors/Pancreas	SRR17335090
Tumors/Pancreas	SRR17335091
Tumors/Pancreas	SRR17335093
Tumors/Pancreas	SRR19560204
Tumors/Pancreas	SRR19560205
Tumors/Pancreas	SRR19560206
Tumors/Pancreas	SRR19560207
Tumors/Pancreas	SRR19560208
Tumors/Pancreas	SRR19560209
Tumors/Pancreas	SRR19560210
Tumors/Pancreas	SRR19560211
Tumors/Pancreas	SRR19560212
Tumors/Pancreas	SRR19560213
Tumors/Pancreas	SRR19560214
Tumors/Pancreas	SRR19560215
Tumors/Pancreas	SRR19560216
Tumors/Pancreas	SRR19560217
Tumors/Pancreas	SRR19560218
Tumors/Pancreas	SRR19560219
Tumors/Pancreas	SRR19560220
Tumors/Pancreas	SRR19560221
Tumors/Pancreas	SRR19560222
Tumors/Pancreas	SRR19560223
Tumors/Pancreas	SRR20340168
Tumors/Pancreas	SRR20340169
Tumors/Pancreas	SRR20340170
Tumors/Pancreas	SRR20340171
Tumors/Pancreas	SRR20340172
Tumors/Pancreas	SRR20340173
Tumors/Pancreas	SRR20340174
Tumors/Pancreas	SRR20340175
Tumors/Pancreas	SRR20340176
Tumors/Pancreas	SRR20340177
Tumors/Pancreas	SRR20340178
Tumors/Pancreas	SRR20340179
Tumors/Pancreas	SRR20340180
Tumors/Pancreas	SRR20340181
Tumors/Pancreas	SRR20340182
Tumors/Pancreas	SRR20340183
Tumors/Pancreas	SRR20340184
Tumors/Pancreas	SRR20340185
Tumors/Pancreas	SRR20340186
Tumors/Pancreas	SRR20340187
Tumors/Pancreas	SRR20340188
Tumors/Pancreas	SRR20340189
Tumors/Pancreas	SRR20340190
Tumors/Pancreas	SRR20340191
Tumors/Pancreas	SRR20340192
Tumors/Pancreas	SRR20340193
Tumors/Pancreas	SRR20340194
Tumors/Pancreas	SRR20340195
Tumors/Pancreas	SRR20340196
Tumors/Pancreas	SRR20340197
Tumors/Pancreas	SRR20340198
Tumors/Pancreas	SRR20340199
Tumors/Pancreas	SRR20340200
Tumors/Pancreas	SRR20340201
Tumors/Pancreas	SRR20340202
Tumors/Pancreas	SRR20340203
Tumors/Pancreas	SRR20340204
Tumors/Pancreas	SRR20340205
Tumors/Pancreas	SRR20340206
Tumors/Pancreas	SRR20340207
Tumors/Pancreas	SRR20340208
Tumors/Pancreas	SRR20340209
Tumors/Pancreas	SRR20340210
Tumors/Pancreas	SRR20340211
Tumors/Pancreas	SRR20340212
Tumors/Pancreas	SRR20340213
Tumors/Pancreas	SRR20340214
Tumors/Pancreas	SRR20340215
Tumors/Pancreas	SRR20340216
Tumors/Pancreas	SRR20340217
Tumors/Pancreas	SRR20340218
Tumors/Pancreas	SRR20340219
Tumors/Pancreas	SRR20340220
Tumors/Pancreas	SRR20340221
Tumors/Pancreas	SRR20340222
Tumors/Pancreas	SRR20340223
Tumors/Pancreas	SRR20340224
Tumors/Pancreas	SRR20340225
Tumors/Pancreas	SRR20340226
Tumors/Pancreas	SRR20340227
Tumors/Pancreas	SRR20340228
Tumors/Pancreas	SRR20340229
Tumors/Pancreas	SRR20340230
Tumors/Pancreas	SRR20340231
Tumors/Pancreas	SRR20340232
Tumors/Pancreas	SRR20340233
Tumors/Pancreas	SRR20340234
Tumors/Pancreas	SRR20340235
Tumors/Pancreas	SRR20340236
Tumors/Pancreas	SRR20340237
Tumors/Pancreas	SRR20340238
Tumors/Pancreas	SRR20340239
Tumors/Pancreas	SRR20340240
Tumors/Pancreas	SRR20340241
Tumors/Pancreas	SRR20340242
Tumors/Pancreas	SRR20340243
Tumors/Pancreas	SRR20340244
Tumors/Pancreas	SRR20340245
Tumors/Pancreas	SRR20340246
Tumors/Pancreas	SRR20340247
Tumors/Pancreas	SRR20340248
Tumors/Pancreas	SRR20340249
Tumors/Pancreas	SRR20340250
Tumors/Pancreas	SRR20340251
Tumors/Pancreas	SRR20340252
Tumors/Pancreas	SRR20340253
Tumors/Pancreas	SRR20340254
Tumors/Pancreas	SRR20340255
Tumors/Pancreas	SRR20340256
Tumors/Pancreas	SRR20340257
Tumors/Pancreas	SRR20340258
Tumors/Pancreas	SRR20340259
Tumors/Pancreas	SRR20340260
Tumors/Pancreas	SRR20340261
Tumors/Pancreas	SRR20340262
Tumors/Pancreas	SRR20340263
Tumors/Pancreas	SRR20340264
Tumors/Pancreas	SRR20340265
Tumors/Pancreas	SRR20340266
Tumors/Pancreas	SRR20340267
Tumors/Pancreas	SRR20340268
Tumors/Pancreas	SRR20340269
Tumors/Pancreas	SRR21201291
Tumors/Pancreas	SRR21201388
Tumors/Pancreas	SRR21833004
Tumors/Pancreas	SRR21833006
Tumors/Pancreas	SRR21833013
Tumors/Pancreas	SRR21833014
Tumors/Pancreas	SRR21833016
Tumors/Pancreas	SRR21833017
Tumors/Pancreas	SRR21833019
Tumors/Pancreas	SRR21833020
Tumors/Pancreas	SRR21833021
Tumors/Pancreas	SRR23343827
Tumors/Pancreas	SRR23343828
Tumors/Pancreas	SRR23343829
Tumors/Pancreas	SRR23343830
Tumors/Pancreas	SRR23343831
Tumors/Pancreas	SRR23343832
Tumors/Pancreas	SRR23343833
Tumors/Pancreas	SRR23343834
Tumors/Pancreas	SRR23343835
Tumors/Pancreas	SRR23343836
Tumors/Pancreas	SRR23343837
Tumors/Pancreas	SRR23343838
Tumors/Pancreas	SRR23343839
Tumors/Pancreas	SRR23343840
Tumors/Pancreas	SRR23343841
Tumors/Pancreas	SRR23343842
Tumors/Pancreas	SRR23343843
Tumors/Pancreas	SRR23343844
Tumors/Pancreas	SRR23343845
Tumors/Pancreas	SRR23343846
Tumors/Pancreas	SRR23343847
Tumors/Pancreas	SRR23343848
Tumors/Pancreas	SRR23343849
Tumors/Pancreas	SRR23343850
Tumors/Pancreas	SRR23343851
Tumors/Pancreas	SRR23343852
Tumors/Pancreas	SRR23343853
Tumors/Pancreas	SRR23343854
Tumors/Pancreas	SRR23343855
Tumors/Pancreas	SRR23343856
Tumors/Pancreas	SRR23343857
Tumors/Pancreas	SRR23343858
Tumors/Pancreas	SRR23343859
Tumors/Pancreas	SRR23343860
Tumors/Pancreas	SRR23343861
Tumors/Pancreas	SRR23343862
Tumors/Pancreas	SRR23343863
Tumors/Pancreas	SRR23343864
Tumors/Pancreas	SRR23343865
Tumors/Pancreas	SRR23343866
Tumors/Pancreas	SRR23343867
Tumors/Pancreas	SRR23343868
Tumors/Pancreas	SRR23343869
Tumors/Pancreas	SRR23343870
Tumors/Pancreas	SRR23343871
Tumors/Pancreas	SRR23343872
Tumors/Pancreas	SRR23343873
Tumors/Pancreas	SRR23343874
Tumors/Pancreas	SRR23343875
Tumors/Pancreas	SRR23343876
Tumors/Pancreas	SRR23343877
Tumors/Pancreas	SRR23343878
Tumors/Pancreas	SRR23343879
Tumors/Pancreas	SRR23343880
Tumors/Pancreas	SRR23343881
Tumors/Pancreas	SRR23343882
Tumors/Pancreas	SRR23343883
Tumors/Pancreas	SRR23343884
Tumors/Pancreas	SRR23343885
Tumors/Pancreas	SRR23343886
Tumors/Pancreas	SRR23343887
Tumors/Pancreas	SRR23343888
Tumors/Pancreas	SRR23343889
Tumors/Pancreas	SRR23343890
Tumors/Pancreas	SRR23343891
Tumors/Pancreas	SRR23343892
Tumors/Pancreas	SRR23343893
Tumors/Pancreas	SRR23343894
Tumors/Pancreas	SRR23343895
Tumors/Pancreas	SRR23343896
Tumors/Pancreas	SRR23343897
Tumors/Pancreas	SRR23343898
Tumors/Pancreas	SRR23343899
Tumors/Pancreas	SRR23343900
Tumors/Pancreas	SRR23343901
Tumors/Pancreas	SRR23343902
Tumors/Pancreas	SRR23343903
Tumors/Pancreas	SRR23343904
Tumors/Pancreas	SRR23343905
Tumors/Pancreas	SRR23343906
Tumors/Pancreas	SRR23343907
Tumors/Pancreas	SRR23343908
Tumors/Pancreas	SRR23343909
Tumors/Pancreas	SRR23343910
Tumors/Pancreas	SRR23343911
Tumors/Pancreas	SRR23343912
Tumors/Pancreas	SRR23343913
Tumors/Pancreas	SRR23343914
Tumors/Pancreas	SRR23343915
Tumors/Pancreas	SRR23343916
Tumors/Pancreas	SRR23343917
Tumors/Pancreas	SRR23343918
Tumors/Pancreas	SRR23343919
Tumors/Pancreas	SRR23343920
Tumors/Pancreas	SRR23343921
Tumors/Pancreas	SRR23343922
Tumors/Pancreas	SRR23343923
Tumors/Pancreas	SRR23343924
Tumors/Pancreas	SRR23343925
Tumors/Pancreas	SRR23343926
Tumors/Pancreas	SRR23343927
Tumors/Pancreas	SRR23343928
Tumors/Pancreas	SRR23343929
Tumors/Pancreas	SRR23343930
Tumors/Pancreas	SRR23343931
Tumors/Pancreas	SRR23343932
Tumors/Pancreas	SRR23343933
Tumors/Pancreas	SRR23343934
Tumors/Pancreas	SRR23343935
Tumors/Pancreas	SRR23343936
Tumors/Pancreas	SRR23343937
Tumors/Pancreas	SRR23343938
Tumors/Pancreas	SRR23343939
Tumors/Pancreas	SRR23343940
Tumors/Pancreas	SRR23343941
Tumors/Pancreas	SRR23343942
Tumors/Pancreas	SRR23343943
Tumors/Pancreas	SRR23343944
Tumors/Pancreas	SRR23343945
Tumors/Pancreas	SRR23343946
Tumors/Pancreas	SRR23343947
Tumors/Pancreas	SRR23343948
Tumors/Pancreas	SRR23343949
Tumors/Pancreas	SRR23343950
Tumors/Pancreas	SRR23343951
Tumors/Pancreas	SRR23343952
Tumors/Pancreas	SRR23343953
Tumors/Pancreas	SRR23343954
Tumors/Pancreas	SRR23343955
Tumors/Pancreas	SRR23343956
Tumors/Pancreas	SRR23343957
Tumors/Pancreas	SRR23343958
Tumors/Pancreas	SRR23343959
Tumors/Pancreas	SRR23343960
Tumors/Pancreas	SRR23343961
Tumors/Pancreas	SRR23343962
Tumors/Pancreas	SRR23343963
Tumors/Pancreas	SRR23343964
Tumors/Pancreas	SRR23343965
Tumors/Pancreas	SRR23343966
Tumors/Pancreas	SRR23343967
Tumors/Pancreas	SRR23343968
Tumors/Pancreas	SRR23343969
Tumors/Pancreas	SRR23343970
Tumors/Pancreas	SRR23343971
Tumors/Pancreas	SRR23343972
Tumors/Pancreas	SRR23343973
Tumors/Pancreas	SRR23343974
Tumors/Pancreas	SRR23343975
Tumors/Pancreas	SRR23343976
Tumors/Pancreas	SRR23343977
Tumors/Pancreas	SRR23343978
Tumors/Pancreas	SRR23343979
Tumors/Pancreas	SRR23343980
Tumors/Pancreas	SRR23343981
Tumors/Pancreas	SRR23343982
Tumors/Pancreas	SRR23343983
Tumors/Pancreas	SRR23343984
Tumors/Pancreas	SRR23343985
Tumors/Pancreas	SRR23343986
Tumors/Pancreas	SRR23343987
Tumors/Pancreas	SRR23343988
Tumors/Pancreas	SRR23343989
Tumors/Pancreas	SRR23343990
Tumors/Pancreas	SRR23343991
Tumors/Pancreas	SRR23343992
Tumors/Pancreas	SRR23343993
Tumors/Pancreas	SRR23343994
Tumors/Pancreas	SRR23343995
Tumors/Pancreas	SRR23343996
Tumors/Pancreas	SRR23343997
Tumors/Pancreas	SRR23343998
Tumors/Pancreas	SRR23343999
Tumors/Pancreas	SRR23344000
Tumors/Pancreas	SRR23344001
Tumors/Pancreas	SRR25143496
Tumors/Pancreas	SRR25143497
Tumors/Pancreas	SRR25143498
Tumors/Pancreas	SRR25143499
Tumors/Pancreas	SRR25143500
Tumors/Pancreas	SRR25143501
Tumors/Pancreas	SRR25143502
Tumors/Pancreas	SRR25143503
Tumors/Pancreas	SRR25143504
Tumors/Pancreas	SRR25143505
Tumors/Pancreas	SRR25443899
Tumors/Pancreas	SRR25443900
Tumors/Pancreas	SRR25443901
Tumors/Pancreas	SRR25443902
Tumors/Pancreas	SRR25443903
Tumors/Pancreas	SRR25443904
Tumors/Pancreas	SRR25716769
Tumors/Pancreas	SRR25716771
Tumors/Pancreas	SRR25716773
Tumors/Pancreas	SRR26113230
Tumors/Pancreas	SRR26113231
Tumors/Pancreas	SRR26113232
Tumors/Pancreas	SRR26113233
Tumors/Pancreas	SRR26113234
Tumors/Pancreas	SRR26113235
Tumors/Pancreas	SRR26113236
Tumors/Pancreas	SRR26113237
Tumors/Pancreas	SRR26113238
Tumors/Pancreas	SRR26113239
Tumors/Pancreas	SRR26113240
Tumors/Pancreas	SRR26113241
Tumors/Pancreas	SRR26113242
Tumors/Pancreas	SRR26113243
Tumors/Pancreas	SRR26113244
Tumors/Pancreas	SRR26113245
Tumors/Pancreas	SRR26113246
Tumors/Pancreas	SRR26113247
Tumors/Pancreas	SRR26113248
Tumors/Pancreas	SRR26113249
Tumors/Pancreas	SRR26113250
Tumors/Pancreas	SRR26113251
Tumors/Pancreas	SRR26113252
Tumors/Pancreas	SRR26113253
Tumors/Pancreas	SRR26113254
Tumors/Pancreas	SRR26113255
Tumors/Pancreas	SRR26113256
Tumors/Pancreas	SRR26113257
Tumors/Pancreas	SRR26113258
Tumors/Pancreas	SRR26113259
Tumors/Pancreas	SRR26113260
Tumors/Pancreas	SRR26113261
Tumors/Pancreas	SRR26113262
Tumors/Pancreas	SRR26113263
Tumors/Pancreas	SRR26113264
Tumors/Pancreas	SRR26113265
Tumors/Pancreas	SRR26113266
Tumors/Pancreas	SRR26113267
Tumors/Pancreas	SRR26113268
Tumors/Pancreas	SRR26113269
Tumors/Pancreas	SRR26113270
Tumors/Pancreas	SRR26113271
Tumors/Pancreas	SRR27243564
Tumors/Pancreas	SRR27243565
Tumors/Pancreas	SRR27243566
Tumors/Pancreas	SRR27243567
Tumors/Pancreas	SRR27243568
Tumors/Pancreas	SRR27243569
Tumors/Pancreas	SRR27243570
Tumors/Pancreas	SRR27243571
Tumors/Pancreas	SRR27243572
Tumors/Pancreas	SRR27243573
Tumors/Pancreas	SRR27243574
Tumors/Pancreas	SRR27243575
Tumors/Pancreas	SRR27243576
Tumors/Pancreas	SRR27243577
Tumors/Pancreas	SRR27243578
Tumors/Pancreas	SRR27243579
Tumors/Pancreas	SRR27243580
Tumors/Pancreas	SRR27243581
Tumors/Pancreas	SRR27243582
Tumors/Pancreas	SRR27243583
Tumors/Pancreas	SRR27243584
Tumors/Pancreas	SRR27243585
Tumors/Pancreas	SRR27243586
Tumors/Pancreas	SRR27243587
Tumors/Pancreas	SRR27243588
Tumors/Pancreas	SRR27243589
Tumors/Pancreas	SRR27243590
Tumors/Pancreas	SRR27243591
Tumors/Pancreas	SRR27243592
Tumors/Pancreas	SRR27243593
Tumors/Pancreas	SRR27481275
Tumors/Pancreas	SRR27481276
Tumors/Pancreas	SRR27481277
Tumors/Pancreas	SRR27481278
Tumors/Pancreas	SRR27481279
Tumors/Pancreas	SRR27481280
Tumors/Pancreas	SRR27481281
Tumors/Pancreas	SRR27481282
Tumors/Pancreas	SRR27481283
Tumors/Pancreas	SRR27481284
Tumors/Pancreas	SRR27481285
Tumors/Pancreas	SRR27481286
Tumors/Pancreas	SRR27481287
Tumors/Pancreas	SRR27481288
Tumors/Pancreas	SRR27481289
Tumors/Pancreas	SRR27481290
Tumors/Pancreas	SRR27481291
Tumors/Pancreas	SRR27481292
Tumors/Pancreas	SRR27481293
Tumors/Pancreas	SRR27481294
Tumors/Pancreas	SRR27481295
Tumors/Pancreas	SRR27481296
Tumors/Pancreas	SRR27481297
Tumors/Pancreas	SRR27481298
Tumors/Pancreas	SRR27481299
Tumors/Pancreas	SRR27481300
Tumors/Pancreas	SRR27481301
Tumors/Pancreas	SRR27481302
Tumors/Pancreas	SRR28428334
Tumors/Pancreas	SRR28428335
Tumors/Pancreas	SRR28428336
Tumors/Pancreas	SRR28428337
Tumors/Pancreas	SRR28428338
Tumors/Pancreas	SRR28428339
Tumors/Pancreas	SRR28428340
Tumors/Pancreas	SRR28428341
Tumors/Pancreas	SRR30045786
Tumors/Pancreas	SRR30045787
Tumors/Pancreas	SRR30045788
Tumors/Pancreas	SRR30045789
Tumors/Pancreas	SRR30045790
Tumors/Pancreas	SRR30045791
Tumors/Pancreas	SRR30045792
Tumors/Pancreas	SRR30045793
Tumors/Pancreas	SRR30045794
Tumors/Pancreas	SRR30045795
Tumors/Pancreas	SRR30694397
Tumors/Pancreas	SRR30694398
Tumors/Pancreas	SRR30694399
Tumors/Pancreas	SRR30694400
Tumors/Pancreas	SRR30694401
Tumors/Pancreas	SRR30694402
Tumors/Pancreas	SRR30694403
Tumors/Pancreas	SRR30694404
Tumors/Pancreas	SRR30694405
Tumors/Pancreas	SRR30694406
Tumors/Pancreas	SRR30694407
Tumors/Pancreas	SRR30694408
Tumors/Pancreas	SRR30694409
Tumors/Pancreas	SRR30694410
Tumors/Pancreas	SRR30694411
Tumors/Pancreas	SRR30694412
Tumors/Pancreas	SRR30694413
Tumors/Pancreas	SRR30694414
Tumors/Pancreas	SRR30694415
Tumors/Pancreas	SRR30694416
Tumors/Pancreas	SRR30694417
Tumors/Pancreas	SRR30694418
Tumors/Pancreas	SRR30694419
Tumors/Pancreas	SRR30694420
Tumors/Pancreas	SRR30694421
Tumors/Pancreas	SRR30694422
Tumors/Pancreas	SRR30694423
Tumors/Pancreas	SRR30694424
Tumors/Pancreas	SRR30694425
Tumors/Pancreas	SRR30694426
Tumors/Pancreas	SRR30694427
Tumors/Pancreas	SRR30694428
Tumors/Pancreas	SRR30694429
Tumors/Pancreas	SRR30694430
Tumors/Pancreas	SRR30694431
Tumors/Pancreas	SRR30694432
Tumors/Pancreas	SRR30694433
Tumors/Pancreas	SRR30694434
Tumors/Pancreas	SRR30694435
Tumors/Pancreas	SRR30694436
Tumors/Pancreas	SRR30694437
Tumors/Pancreas	SRR30694438
Tumors/Pancreas	SRR30694439
Tumors/Pancreas	SRR30694440
Tumors/Pancreas	SRR3426643
Tumors/Pancreas	SRR3426644
Tumors/Pancreas	SRR3426653
Tumors/Pancreas	SRR3426654
Tumors/Pancreas	SRR3426655
Tumors/Pancreas	SRR3426656
Tumors/Pancreas	SRR3426657
Tumors/Pancreas	SRR3426658
Tumors/Pancreas	SRR34554384
Tumors/Pancreas	SRR34554385
Tumors/Pancreas	SRR34554386
Tumors/Pancreas	SRR34554387
Tumors/Pancreas	SRR34554388
Tumors/Pancreas	SRR34554389
Tumors/Pancreas	SRR7768608
Tumors/Pancreas	SRR7768609
Tumors/Pancreas	SRR7768610
Tumors/Pancreas	SRR7768611
Tumors/Pancreas	SRR7768612
Tumors/Pancreas	SRR7768613
Tumors/Pancreas	SRR7818905
Tumors/Pancreas	SRR7818906
Tumors/Pancreas	SRR7818907
Tumors/Pancreas	SRR7818908
Tumors/Pancreas	SRR7818909
Tumors/Pancreas	SRR7818910
Tumors/Pancreas	SRR7818911
Tumors/Pancreas	SRR7818912
Tumors/Pancreas	SRR7818913
Tumors/Pancreas	SRR7818914
Tumors/Pancreas	SRR9043607
Tumors/Pancreas	SRR9043608
Tumors/Pancreas	SRR9043609
Tumors/Pancreas	SRR9043610
Tumors/Pancreas	SRR9043611
Tumors/Pancreas	SRR9043612
Tumors/Pancreas	SRR9043613
Tumors/Pancreas	SRR9043614
Tumors/Pancreas	SRR9043615
Tumors/Pancreas	SRR9043616
Tumors/Pancreas	SRR9043617
Tumors/Pancreas	SRR9043618
Tumors/Pancreas	SRR9043619
Tumors/Pancreas	SRR9043620
Tumors/Pancreas	SRR9043621
Tumors/Pancreas	SRR9043622
Tumors/Pancreas	SRR9043623
Tumors/Pancreas	SRR9043624
Tumors/Pancreas	SRR9043625
Tumors/Pancreas	SRR9043626
Tumors/Pancreas	SRR9043627
Tumors/Pancreas	SRR9043628
Tumors/Pancreas	SRR9043629
Tumors/Pancreas	SRR9043630
Tumors/Pancreas	SRR9043631
Tumors/Pancreas	SRR9043632
Tumors/Pancreas	SRR9043633
Tumors/Pancreas	SRR9043634
Tumors/Pancreas	SRR9043635
Tumors/Pancreas	SRR9043636
Tumors/Pancreas	SRR9043637
Tumors/Pancreas	SRR9043638
Tumors/Pancreas	SRR9043639
Tumors/Pancreas	SRR9043640
Tumors/Pancreas	SRR9043641
Tumors/Pancreas	SRR9043642
Tumors/Pancreas	SRR9043643
Tumors/Pancreas	SRR9043644
Tumors/Pancreas	SRR9043645
Tumors/Pancreas	SRR9043646
Tumors/Pancreas	SRR9043647
Tumors/Pancreas	SRR9043648
Tumors/Pancreas	SRR9043649
Tumors/Pancreas	SRR9043650
Tumors/Pancreas	SRR9043651
Tumors/Pancreas	SRR9043652
Tumors/Pancreas	SRR9043653
Tumors/Pancreas	SRR9043654
Tumors/Pancreas	SRR9043655
Tumors/Pancreas	SRR9043656
Tumors/Pancreas	SRR9043657
Tumors/Pancreas	SRR9043658
Tumors/Pancreas	SRR9697593
Tumors/Pancreas	SRR9697594
Tumors/Pancreas	SRR9697595
Tumors/Pancreas	SRR9697614
Tumors/Pancreas	SRR9697633
Tumors/Pancreas	SRR9697716
Tumors/Pancreas	SRR9697845
Tumors/Pancreas	SRR9697850
Tumors/RenalPelvis	SRR24048108
Tumors/RenalPelvis	SRR24048109
Tumors/RenalPelvis	SRR24048118
Tumors/RenalPelvis	SRR24048125
Tumors/RenalPelvis	SRR24048143
Tumors/RenalPelvis	SRR24048922
Tumors/RenalPelvis	SRR26333221
Tumors/RenalPelvis	SRR26333222
Tumors/RenalPelvis	SRR26333223
Tumors/RenalPelvis	SRR26333224
Tumors/RenalPelvis	SRR26333225
Tumors/RenalPelvis	SRR26333229
Tumors/RenalPelvis	SRR26333230
Tumors/RenalPelvis	SRR26333231
Tumors/RenalPelvis	SRR26333233
Tumors/RenalPelvis	SRR26333234
Tumors/RenalPelvis	SRR26333235
Tumors/RenalPelvis	SRR26333236
Tumors/RenalPelvis	SRR26333237
Tumors/RenalPelvis	SRR26333238
Tumors/RenalPelvis	SRR26333239
Tumors/RenalPelvis	SRR26333240
Tumors/RenalPelvis	SRR26333241
Tumors/RenalPelvis	SRR26333242
Tumors/RenalPelvis	SRR26333243
Tumors/RenalPelvis	SRR26333244
Tumors/RenalPelvis	SRR26333245
Tumors/RenalPelvis	SRR26333246
Tumors/RenalPelvis	SRR26333249
Tumors/RenalPelvis	SRR26333256
Tumors/RenalPelvis	SRR26333260
Tumors/RenalPelvis	SRR26333261
Tumors/RenalPelvis	SRR26333263
Tumors/RenalPelvis	SRR26333264
Tumors/RenalPelvis	SRR26333266
Tumors/RenalPelvis	SRR26333270
Tumors/RenalPelvis	SRR26333271
Tumors/RenalPelvis	SRR26333272
Tumors/RenalPelvis	SRR26333273
Tumors/RenalPelvis	SRR26333274
Tumors/RenalPelvis	SRR26333275
Tumors/RenalPelvis	SRR26333276
Tumors/RenalPelvis	SRR26333277
Tumors/RenalPelvis	SRR26333278
Tumors/RenalPelvis	SRR26333279
Tumors/RenalPelvis	SRR26333280
Tumors/RenalPelvis	SRR26333281
Tumors/RenalPelvis	SRR26333282
Tumors/RenalPelvis	SRR26333283
Tumors/RenalPelvis	SRR26333284
Tumors/RenalPelvis	SRR26333286
Tumors/RenalPelvis	SRR26333291
Tumors/RenalPelvis	SRR26333293
Tumors/RenalPelvis	SRR26333294
Tumors/RenalPelvis	SRR26333297
Tumors/RenalPelvis	SRR26333298
Tumors/RenalPelvis	SRR26333299
Tumors/RenalPelvis	SRR26333305
Tumors/RenalPelvis	SRR26333306
Tumors/RenalPelvis	SRR32686225
Tumors/RenalPelvis	SRR32686228
Tumors/RenalPelvis	SRR8762523
Tumors/RenalPelvis	SRR8762607
Tumors/RenalPelvis	SRR8763049
Tumors/Salivary	SRR10246409
Tumors/Salivary	SRR10246410
Tumors/Salivary	SRR10246411
Tumors/Salivary	SRR10246412
Tumors/Salivary	SRR10246413
Tumors/Salivary	SRR10246414
Tumors/Salivary	SRR10246415
Tumors/Salivary	SRR10246416
Tumors/Salivary	SRR15100667
Tumors/Salivary	SRR15100669
Tumors/Salivary	SRR15100671
Tumors/Salivary	SRR15100673
Tumors/Salivary	SRR15100675
Tumors/Salivary	SRR15132669
Tumors/Salivary	SRR15132671
Tumors/Salivary	SRR15132673
Tumors/Salivary	SRR15132675
Tumors/Salivary	SRR15132677
Tumors/Salivary	SRR26033653
Tumors/Salivary	SRR26033654
Tumors/Salivary	SRR26033655
Tumors/Salivary	SRR26033656
Tumors/Salivary	SRR26033657
Tumors/Salivary	SRR26033658
Tumors/Salivary	SRR26033669
Tumors/Salivary	SRR26033680
Tumors/Salivary	SRR26033681
Tumors/Salivary	SRR26033682
Tumors/Salivary	SRR26033683
Tumors/Salivary	SRR26033684
Tumors/Salivary	SRR26033685
Tumors/Salivary	SRR26033686
Tumors/Salivary	SRR26033687
Tumors/Salivary	SRR26033688
Tumors/Salivary	SRR26033689
Tumors/Salivary	SRR26033690
Tumors/Salivary	SRR26033691
Tumors/Salivary	SRR26033692
Tumors/Salivary	SRR29065133
Tumors/Salivary	SRR29065134
Tumors/Salivary	SRR29065135
Tumors/Salivary	SRR29065136
Tumors/Salivary	SRR29065137
Tumors/Salivary	SRR29065138
Tumors/Salivary	SRR29065139
Tumors/Salivary	SRR29065140
Tumors/Salivary	SRR29065141
Tumors/Salivary	SRR29065142
Tumors/Salivary	SRR29065143
Tumors/Salivary	SRR29065144
Tumors/Salivary	SRR3056922
Tumors/Salivary	SRR3056923
Tumors/Salivary	SRR3056924
Tumors/Salivary	SRR30590360
Tumors/Salivary	SRR30590362
Tumors/Salivary	SRR30590363
Tumors/Salivary	SRR30590364
Tumors/Salivary	SRR30590365
Tumors/Salivary	SRR30590366
Tumors/Salivary	SRR30590367
Tumors/Salivary	SRR30590368
Tumors/Salivary	SRR30590369
Tumors/Salivary	SRR30590370
Tumors/Salivary	SRR30590371
Tumors/Salivary	SRR30590373
Tumors/Salivary	SRR30590374
Tumors/Salivary	SRR30590375
Tumors/Salivary	SRR30590376
Tumors/Salivary	SRR30590377
Tumors/Salivary	SRR30590378
Tumors/Salivary	SRR30590379
Tumors/Salivary	SRR30590381
Tumors/Salivary	SRR30590382
Tumors/Salivary	SRR30590384
Tumors/Salivary	SRR30590385
Tumors/Salivary	SRR30590386
Tumors/Salivary	SRR30590387
Tumors/Salivary	SRR3081601
Tumors/Salivary	SRR3081602
Tumors/Salivary	SRR3081603
Tumors/Salivary	SRR3081604
Tumors/Salivary	SRR3081605
Tumors/Salivary	SRR3081606
Tumors/Salivary	SRR3081607
Tumors/Salivary	SRR3081608
Tumors/Salivary	SRR3081609
Tumors/Salivary	SRR3081610
Tumors/Salivary	SRR3081611
Tumors/Salivary	SRR3081612
Tumors/Salivary	SRR3081613
Tumors/Salivary	SRR3081614
Tumors/Salivary	SRR3081615
Tumors/Salivary	SRR3081616
Tumors/Salivary	SRR3081617
Tumors/Salivary	SRR3081618
Tumors/Salivary	SRR3081619
Tumors/Salivary	SRR3081620
Tumors/Salivary	SRR3081621
Tumors/Salivary	SRR3081622
Tumors/Salivary	SRR3081623
Tumors/Salivary	SRR3081624
Tumors/Salivary	SRR3081625
Tumors/Salivary	SRR3081626
Tumors/Salivary	SRR3081627
Tumors/Salivary	SRR3081628
Tumors/Salivary	SRR3081629
Tumors/Salivary	SRR3081630
Tumors/Salivary	SRR3081631
Tumors/Salivary	SRR3081632
Tumors/Salivary	SRR3081633
Tumors/Salivary	SRR3081634
Tumors/Salivary	SRR3081635
Tumors/Salivary	SRR3081636
Tumors/Salivary	SRR3081637
Tumors/Salivary	SRR3081638
Tumors/Salivary	SRR3081639
Tumors/Salivary	SRR3081640
Tumors/Salivary	SRR3081641
Tumors/Salivary	SRR3081642
Tumors/Salivary	SRR3081643
Tumors/Salivary	SRR3081644
Tumors/Salivary	SRR3081645
Tumors/Salivary	SRR3081646
Tumors/Salivary	SRR3081647
Tumors/Salivary	SRR31414517
Tumors/Salivary	SRR31414518
Tumors/Salivary	SRR31414519
Tumors/Salivary	SRR31414520
Tumors/Salivary	SRR31414521
Tumors/Salivary	SRR31414522
Tumors/Salivary	SRR31414523
Tumors/Salivary	SRR31414524
Tumors/Salivary	SRR31414525
Tumors/Salivary	SRR31414526
Tumors/Salivary	SRR31414527
Tumors/Salivary	SRR31414528
Tumors/Salivary	SRR31414529
Tumors/Salivary	SRR31414530
Tumors/Salivary	SRR31414531
Tumors/Salivary	SRR31414532
Tumors/Salivary	SRR31414533
Tumors/Salivary	SRR31414534
Tumors/Salivary	SRR31414535
Tumors/Salivary	SRR31414536
Tumors/Salivary	SRR31414537
Tumors/Salivary	SRR31414538
Tumors/Salivary	SRR5685238
Tumors/Salivary	SRR5685239
Tumors/Salivary	SRR5685240
Tumors/Salivary	SRR5685241
Tumors/Salivary	SRR5685242
Tumors/Salivary	SRR5685243
Tumors/Salivary	SRR5685244
Tumors/Salivary	SRR5685245
Tumors/Salivary	SRR5685246
Tumors/Salivary	SRR5685247
Tumors/Salivary	SRR5685248
Tumors/Salivary	SRR5685249
Tumors/Salivary	SRR5685250
Tumors/Salivary	SRR5685251
Tumors/Salivary	SRR5685252
Tumors/Salivary	SRR5685253
Tumors/Salivary	SRR5685254
Tumors/Salivary	SRR5685255
Tumors/Salivary	SRR5685256
Tumors/Salivary	SRR5685257
Tumors/Salivary	SRR5685258
Tumors/Salivary	SRR5685259
Tumors/Salivary	SRR5685260
Tumors/Salivary	SRR5685263
Tumors/Salivary	SRR5685271
Tumors/Salivary	SRR5685272
Tumors/Salivary	SRR5685273
Tumors/Salivary	SRR5685274
Tumors/Salivary	SRR5685275
Tumors/Salivary	SRR5685276
Tumors/Salivary	SRR5685277
Tumors/Salivary	SRR5685278
Tumors/Salivary	SRR5685279
Tumors/Salivary	SRR5685280
Tumors/Salivary	SRR5685281
Tumors/Salivary	SRR5685292
Tumors/Salivary	SRR5685296
Tumors/Salivary	SRR5685299
Tumors/Salivary	SRR5685300
Tumors/Salivary	SRR5685301
Tumors/Salivary	SRR587175
Tumors/Salivary	SRR587176
Tumors/Salivary	SRR587177
Tumors/Salivary	SRR587178
Tumors/Salivary	SRR8762170
Tumors/Salivary	SRR8764040
Tumors/Salivary	SRR8764067
Tumors/Salivary	SRR9304319
Tumors/Salivary	SRR9304406
Tumors/SmallCellLung	ERR5992779
Tumors/SmallCellLung	ERR5992780
Tumors/SmallCellLung	ERR5992781
Tumors/SmallCellLung	ERR5992782
Tumors/SmallCellLung	ERR5992783
Tumors/SmallCellLung	ERR5992784
Tumors/SmallCellLung	ERR5992785
Tumors/SmallCellLung	ERR5992786
Tumors/SmallCellLung	ERR5992787
Tumors/SmallCellLung	ERR5992788
Tumors/SmallCellLung	ERR5992789
Tumors/SmallCellLung	ERR5992800
Tumors/SmallCellLung	ERR5992801
Tumors/SmallCellLung	ERR5992802
Tumors/SmallCellLung	ERR5992803
Tumors/SmallCellLung	ERR5992804
Tumors/SmallCellLung	ERR5992805
Tumors/SmallCellLung	ERR5992806
Tumors/SmallCellLung	ERR5992807
Tumors/SmallCellLung	ERR5992808
Tumors/SmallCellLung	ERR5992809
Tumors/SmallCellLung	ERR5992810
Tumors/SmallCellLung	ERR5992811
Tumors/SmallCellLung	ERR5992812
Tumors/SmallCellLung	ERR5992813
Tumors/SmallCellLung	ERR5992814
Tumors/SmallCellLung	ERR5992815
Tumors/SmallCellLung	SRR13780246
Tumors/SmallCellLung	SRR13780247
Tumors/SmallCellLung	SRR13780248
Tumors/SmallCellLung	SRR13780249
Tumors/SmallCellLung	SRR13780250
Tumors/SmallCellLung	SRR13780251
Tumors/SmallCellLung	SRR13780252
Tumors/SmallCellLung	SRR13780253
Tumors/SmallCellLung	SRR13780254
Tumors/SmallCellLung	SRR13780255
Tumors/SmallCellLung	SRR13780256
Tumors/SmallCellLung	SRR13780257
Tumors/SmallCellLung	SRR13780258
Tumors/SmallCellLung	SRR13780259
Tumors/SmallCellLung	SRR13780260
Tumors/SmallCellLung	SRR13780261
Tumors/SmallCellLung	SRR13780262
Tumors/SmallCellLung	SRR13780263
Tumors/SmallCellLung	SRR13780264
Tumors/SmallCellLung	SRR13780265
Tumors/SmallCellLung	SRR13780266
Tumors/SmallCellLung	SRR13780267
Tumors/SmallCellLung	SRR13780268
Tumors/SmallCellLung	SRR13780269
Tumors/SmallCellLung	SRR13780270
Tumors/SmallCellLung	SRR13780271
Tumors/SmallCellLung	SRR13780272
Tumors/SmallCellLung	SRR13780273
Tumors/SmallCellLung	SRR13780274
Tumors/SmallCellLung	SRR13780291
Tumors/SmallCellLung	SRR13858949
Tumors/SmallCellLung	SRR13858950
Tumors/SmallCellLung	SRR13858951
Tumors/SmallCellLung	SRR13858952
Tumors/SmallCellLung	SRR13858953
Tumors/SmallCellLung	SRR13858954
Tumors/SmallCellLung	SRR13858955
Tumors/SmallCellLung	SRR13858956
Tumors/SmallCellLung	SRR13858957
Tumors/SmallCellLung	SRR13858958
Tumors/SmallCellLung	SRR13858959
Tumors/SmallCellLung	SRR13858960
Tumors/SmallCellLung	SRR30228494
Tumors/SmallCellLung	SRR30228496
Tumors/SmallCellLung	SRR30228498
Tumors/SmallCellLung	SRR30228500
Tumors/SmallCellLung	SRR30228501
Tumors/SmallCellLung	SRR30228503
Tumors/SmallCellLung	SRR30228538
Tumors/SmallCellLung	SRR30544481
Tumors/SmallCellLung	SRR30544484
Tumors/SmallCellLung	SRR30544487
Tumors/SmallCellLung	SRR30544490
Tumors/SmallCellLung	SRR30544493
Tumors/SmallCellLung	SRR30544496
Tumors/SmallCellLung	SRR30544499
Tumors/SmallCellLung	SRR30544502
Tumors/SmallCellLung	SRR30544504
Tumors/SmallCellLung	SRR30544507
Tumors/SmallCellLung	SRR30544509
Tumors/SmallCellLung	SRR30544513
Tumors/SmallCellLung	SRR30544515
Tumors/SmallCellLung	SRR30544518
Tumors/SmallCellLung	SRR30544520
Tumors/SmallCellLung	SRR30544523
Tumors/SmallCellLung	SRR30544526
Tumors/SmallCellLung	SRR30544528
Tumors/SmallCellLung	SRR30544533
Tumors/SmallCellLung	SRR30544535
Tumors/SmallCellLung	SRR30544538
Tumors/SmallCellLung	SRR30544543
Tumors/SmallCellLung	SRR30544546
Tumors/SmallCellLung	SRR30544583
Tumors/SmallCellLung	SRR30544585
Tumors/SmallCellLung	SRR3214894
Tumors/SmallCellLung	SRR8762341
Tumors/Tongue	ERR2278845
Tumors/Tongue	ERR2278846
Tumors/Tongue	ERR2278847
Tumors/Tongue	ERR2278850
Tumors/Tongue	ERR2278852
Tumors/Tongue	ERR2278854
Tumors/Tongue	ERR2278856
Tumors/Tongue	ERR2278862
Tumors/Tongue	ERR2278865
Tumors/Tongue	ERR2278866
Tumors/Tongue	ERR2278868
Tumors/Tongue	ERR2278869
Tumors/Tongue	ERR2278876
Tumors/Tongue	ERR2278877
Tumors/Tongue	ERR2278881
Tumors/Tongue	ERR2278882
Tumors/Tongue	SRR10502313
Tumors/Tongue	SRR10502314
Tumors/Tongue	SRR14740626
Tumors/Tongue	SRR14740627
Tumors/Tongue	SRR14740628
Tumors/Tongue	SRR14740629
Tumors/Tongue	SRR14740632
Tumors/Tongue	SRR16013048
Tumors/Tongue	SRR16013050
Tumors/Tongue	SRR16013056
Tumors/Tongue	SRR16013059
Tumors/Tongue	SRR16013064
Tumors/Tongue	SRR16013065
Tumors/Tongue	SRR16013067
Tumors/Tongue	SRR16013070
Tumors/Tongue	SRR16013078
Tumors/Tongue	SRR16013079
Tumors/Tongue	SRR16013080
Tumors/Tongue	SRR16013082
Tumors/Tongue	SRR16013083
Tumors/Tongue	SRR16013084
Tumors/Tongue	SRR16013088
Tumors/Tongue	SRR16013090
Tumors/Tongue	SRR30787015
Tumors/Tongue	SRR30787018
Tumors/Tongue	SRR30787022
Tumors/Tongue	SRR30787031
Tumors/Tongue	SRR30787037
Tumors/Tongue	SRR30787039
Tumors/Tongue	SRR30787057
Tumors/Tongue	SRR30787058
Tumors/Tongue	SRR30787065
Tumors/Tongue	SRR30787074
Tumors/Tongue	SRR30787082
Tumors/Tongue	SRR30787096
Tumors/Tongue	SRR30787100
Tumors/Tongue	SRR30787101
Tumors/Tongue	SRR30787102
Tumors/Tongue	SRR30787109
Tumors/Tongue	SRR30787110
Tumors/Tongue	SRR30787111
Tumors/Tongue	SRR30787117
Tumors/Tongue	SRR30787119
Tumors/Tongue	SRR30787120
